,time,volume,occupancy,speed
0,235945000,0,0,0
1,000015000,1,1,52
2,000045000,0,0,0
3,000116000,1,1,52
4,000146000,0,0,0
5,000217000,0,0,0
6,000247000,0,0,0
7,000317000,2,1,52
8,000347000,0,0,0
9,000417000,1,1,52
10,000447000,1,1,52
11,000517000,0,0,0
12,000548000,0,0,0
13,000619000,1,1,52
14,000649000,0,0,0
15,000720000,0,0,0
16,000750000,0,0,0
17,000820000,0,0,0
18,000851000,0,0,0
19,000921000,0,0,0
20,000951000,1,1,52
21,001021000,0,0,0
22,001052000,0,0,0
23,001122000,1,1,52
24,001153000,1,1,52
25,001223000,0,0,0
26,001253000,0,0,0
27,001323000,1,1,52
28,001354000,1,1,52
29,001425000,2,1,52
30,001456000,0,0,0
31,001526000,0,0,0
32,001556000,0,0,0
33,001627000,0,0,0
34,001627000,0,0,0
35,001727000,0,0,0
36,001757000,0,0,0
37,001929000,0,0,0
38,001959000,2,1,52
39,002029000,0,0,0
40,002100000,0,0,0
41,002131000,0,0,0
42,002201000,1,1,51
43,002232000,0,0,0
44,002303000,0,0,0
45,002333000,0,0,0
46,002404000,1,1,51
47,002434000,0,0,0
48,002505000,0,0,0
49,002535000,0,0,0
50,002605000,0,0,0
51,002636000,2,1,51
52,002706000,0,0,0
53,002737000,0,0,0
54,002807000,0,0,0
55,002838000,0,0,0
56,002908000,1,1,51
57,002939000,0,0,0
58,003009000,0,0,0
59,003040000,0,0,0
60,003110000,0,0,0
61,003141000,0,0,0
62,003211000,1,1,51
63,003242000,0,0,0
64,003312000,0,0,0
65,003342000,0,0,0
66,003413000,1,1,51
67,003444000,0,0,0
68,003514000,0,0,0
69,003545000,0,0,0
70,003616000,1,1,52
71,003646000,0,0,0
72,003717000,0,0,0
73,003747000,0,0,0
74,003817000,0,0,0
75,003848000,0,0,0
76,003918000,1,2,52
77,003948000,1,1,53
78,004018000,0,0,0
79,004048000,1,1,53
80,004118000,0,0,0
81,004149000,0,0,0
82,004220000,0,0,0
83,004250000,0,0,0
84,004320000,0,0,0
85,004351000,0,0,0
86,004421000,1,1,53
87,004451000,0,0,0
88,004521000,0,0,0
89,004552000,1,1,53
90,004622000,0,0,0
91,004652000,0,0,0
92,004723000,0,0,0
93,004753000,1,1,53
94,004824000,0,0,0
95,004855000,1,1,53
96,004925000,0,0,0
97,004956000,0,0,0
98,005026000,0,0,0
99,005056000,0,0,0
100,005056000,0,0,0
101,005156000,0,0,0
102,005226000,0,0,0
103,005257000,0,0,0
104,005327000,0,0,0
105,005358000,0,0,0
106,005429000,0,0,0
107,005459000,0,0,0
108,005530000,1,1,53
109,005600000,0,0,0
110,005631000,0,0,0
111,005701000,0,0,0
112,005731000,0,0,0
113,005802000,1,1,53
114,005832000,1,1,53
115,005902000,0,0,0
116,005933000,0,0,0
117,010003000,1,1,53
118,010034000,0,0,0
119,010104000,0,0,0
120,010135000,0,0,0
121,010206000,0,0,0
122,010236000,0,0,0
123,010306000,1,2,53
124,010337000,0,0,0
125,010407000,0,0,0
126,010438000,0,0,0
127,010509000,0,0,0
128,010539000,1,1,54
129,010610000,1,1,55
130,010640000,0,0,0
131,010711000,0,0,0
132,010741000,1,1,55
133,010811000,0,0,0
134,010841000,0,0,0
135,010912000,0,0,0
136,010942000,0,0,0
137,011013000,0,0,0
138,011043000,0,0,0
139,011114000,0,0,0
140,011144000,0,0,0
141,011214000,0,0,0
142,011244000,0,0,0
143,011315000,0,0,0
144,011345000,0,0,0
145,011415000,0,0,0
146,011445000,0,0,0
147,011516000,0,0,0
148,011547000,0,0,0
149,011617000,0,0,0
150,011647000,0,0,0
151,011717000,0,0,0
152,011748000,0,0,0
153,011819000,0,0,0
154,011849000,0,0,0
155,011919000,0,0,0
156,011949000,0,0,0
157,012020000,0,0,0
158,012050000,0,0,0
159,012120000,0,0,0
160,012150000,0,0,0
161,012220000,1,2,55
162,012251000,0,0,0
163,012321000,0,0,0
164,012351000,0,0,0
165,012421000,0,0,0
166,012452000,0,0,0
167,012523000,0,0,0
168,012553000,0,0,0
169,012623000,0,0,0
170,012654000,0,0,0
171,012724000,0,0,0
172,012754000,0,0,0
173,012824000,0,0,0
174,012855000,0,0,0
175,012926000,1,2,56
176,012956000,1,1,57
177,013026000,0,0,0
178,013056000,1,1,57
179,013127000,0,0,0
180,013157000,0,0,0
181,013258000,0,0,0
182,013328000,0,0,0
183,013359000,1,1,58
184,013430000,0,0,0
185,013500000,0,0,0
186,013530000,0,0,0
187,013600000,0,0,0
188,013631000,0,0,0
189,013702000,1,1,58
190,013733000,0,0,0
191,013803000,0,0,0
192,013833000,1,1,59
193,013904000,1,1,59
194,013934000,0,0,0
195,014005000,0,0,0
196,014035000,0,0,0
197,014105000,0,0,0
198,014136000,0,0,0
199,014206000,0,0,0
200,014237000,0,0,0
201,014307000,0,0,0
202,014338000,0,0,0
203,014409000,0,0,0
204,014440000,0,0,0
205,014510000,0,0,0
206,014541000,0,0,0
207,014611000,0,0,0
208,014642000,0,0,0
209,014712000,0,0,0
210,014743000,1,1,59
211,014813000,0,0,0
212,014843000,0,0,0
213,014914000,0,0,0
214,014944000,0,0,0
215,015014000,0,0,0
216,015045000,1,1,59
217,015115000,0,0,0
218,015145000,0,0,0
219,015215000,0,0,0
220,015245000,0,0,0
221,015316000,1,1,59
222,015347000,0,0,0
223,015417000,0,0,0
224,015448000,0,0,0
225,015519000,0,0,0
226,015549000,0,0,0
227,015619000,0,0,0
228,015650000,0,0,0
229,015721000,0,0,0
230,015751000,0,0,0
231,015821000,0,0,0
232,015852000,0,0,0
233,015922000,0,0,0
234,015953000,0,0,0
235,020023000,0,0,0
236,020054000,0,0,0
237,020124000,0,0,0
238,020155000,0,0,0
239,020155000,0,0,0
240,020255000,0,0,0
241,020326000,0,0,0
242,020356000,0,0,0
243,020426000,0,0,0
244,020456000,0,0,0
245,020526000,0,0,0
246,020526000,0,0,0
247,020828000,0,0,0
248,020859000,0,0,0
249,020930000,0,0,0
250,021000000,0,0,0
251,021031000,0,0,0
252,021101000,0,0,0
253,021131000,0,0,0
254,021202000,1,1,59
255,021232000,0,0,0
256,021302000,0,0,0
257,021333000,0,0,0
258,021403000,0,0,0
259,021434000,0,0,0
260,021504000,0,0,0
261,021535000,0,0,0
262,021605000,0,0,0
263,021636000,0,0,0
264,021706000,0,0,0
265,021737000,0,0,0
266,021807000,0,0,0
267,021837000,1,1,59
268,021907000,0,0,0
269,021938000,0,0,0
270,022008000,0,0,0
271,022039000,0,0,0
272,022109000,0,0,0
273,022140000,0,0,0
274,022210000,1,1,59
275,022241000,0,0,0
276,022311000,0,0,0
277,022342000,0,0,0
278,022413000,0,0,0
279,022443000,0,0,0
280,022513000,0,0,0
281,022544000,0,0,0
282,022614000,1,1,59
283,022644000,0,0,0
284,022714000,0,0,0
285,022744000,0,0,0
286,022814000,1,1,59
287,022845000,1,2,58
288,022915000,0,0,0
289,022945000,0,0,0
290,023015000,0,0,0
291,023046000,0,0,0
292,023117000,0,0,0
293,023147000,0,0,0
294,023217000,1,1,58
295,023247000,0,0,0
296,023318000,0,0,0
297,023349000,0,0,0
298,023419000,0,0,0
299,023449000,0,0,0
300,023519000,0,0,0
301,023549000,0,0,0
302,023620000,0,0,0
303,023650000,0,0,0
304,023720000,1,1,57
305,023751000,0,0,0
306,023821000,0,0,0
307,023851000,0,0,0
308,023922000,1,2,57
309,023952000,0,0,0
310,024023000,0,0,0
311,024053000,0,0,0
312,024124000,0,0,0
313,024154000,0,0,0
314,024225000,0,0,0
315,024255000,0,0,0
316,024326000,0,0,0
317,024356000,0,0,0
318,024427000,1,1,57
319,024457000,0,0,0
320,024457000,0,0,0
321,024558000,0,0,0
322,024628000,0,0,0
323,024658000,1,1,57
324,024729000,1,1,57
325,024759000,0,0,0
326,024830000,0,0,0
327,024901000,1,1,57
328,024932000,0,0,0
329,025002000,0,0,0
330,025033000,0,0,0
331,025103000,0,0,0
332,025134000,0,0,0
333,025204000,0,0,0
334,025235000,0,0,0
335,025306000,0,0,0
336,025336000,0,0,0
337,025407000,0,0,0
338,025437000,0,0,0
339,025508000,0,0,0
340,025538000,1,1,57
341,025609000,0,0,0
342,025639000,0,0,0
343,025709000,0,0,0
344,025739000,0,0,0
345,025810000,0,0,0
346,025840000,0,0,0
347,025910000,0,0,0
348,025941000,0,0,0
349,030011000,0,0,0
350,030041000,0,0,0
351,030111000,0,0,0
352,030142000,0,0,0
353,030212000,1,1,57
354,030242000,0,0,0
355,030313000,0,0,0
356,030344000,0,0,0
357,030414000,0,0,0
358,030445000,0,0,0
359,030515000,0,0,0
360,030545000,0,0,0
361,030615000,0,0,0
362,030646000,0,0,0
363,030716000,0,0,0
364,030746000,0,0,0
365,030817000,0,0,0
366,030847000,1,1,57
367,030918000,0,0,0
368,030948000,0,0,0
369,031019000,1,1,57
370,031049000,0,0,0
371,031120000,0,0,0
372,031151000,0,0,0
373,031221000,0,0,0
374,031251000,0,0,0
375,031322000,0,0,0
376,031353000,0,0,0
377,031423000,0,0,0
378,031454000,0,0,0
379,031525000,0,0,0
380,031555000,0,0,0
381,031625000,0,0,0
382,031655000,0,0,0
383,031726000,1,1,57
384,031756000,0,0,0
385,031826000,0,0,0
386,031856000,1,1,57
387,031926000,0,0,0
388,031926000,0,0,0
389,032028000,0,0,0
390,032028000,0,0,0
391,032129000,1,1,57
392,032159000,0,0,0
393,032230000,0,0,0
394,032300000,1,1,57
395,032330000,0,0,0
396,032401000,0,0,0
397,032431000,0,0,0
398,032502000,1,1,57
399,032532000,0,0,0
400,032602000,0,0,0
401,032633000,0,0,0
402,032703000,0,0,0
403,032733000,0,0,0
404,032803000,0,0,0
405,032834000,0,0,0
406,032905000,0,0,0
407,032936000,0,0,0
408,033006000,1,1,58
409,033036000,0,0,0
410,033106000,0,0,0
411,033136000,1,1,58
412,033207000,0,0,0
413,033238000,0,0,0
414,033309000,0,0,0
415,033339000,0,0,0
416,033410000,0,0,0
417,033440000,0,0,0
418,033510000,1,1,58
419,033541000,1,1,58
420,033611000,0,0,0
421,033641000,0,0,0
422,033711000,0,0,0
423,033742000,0,0,0
424,033812000,0,0,0
425,033843000,0,0,0
426,033913000,2,2,60
427,033943000,0,0,0
428,034014000,0,0,0
429,034044000,1,1,61
430,034114000,0,0,0
431,034144000,0,0,0
432,034215000,0,0,0
433,034246000,0,0,0
434,034316000,0,0,0
435,034347000,0,0,0
436,034417000,0,0,0
437,034447000,0,0,0
438,034518000,0,0,0
439,034548000,0,0,0
440,034619000,0,0,0
441,034650000,0,0,0
442,034720000,1,1,62
443,034750000,0,0,0
444,034821000,0,0,0
445,034851000,0,0,0
446,034921000,1,1,62
447,034951000,0,0,0
448,035022000,0,0,0
449,035052000,0,0,0
450,035123000,0,0,0
451,035153000,0,0,0
452,035223000,0,0,0
453,035254000,1,1,63
454,035325000,0,0,0
455,035355000,2,2,64
456,035455000,0,0,0
457,035525000,0,0,0
458,035556000,0,0,0
459,035627000,1,1,64
460,035728000,0,0,0
461,035759000,0,0,0
462,035830000,0,0,0
463,035900000,0,0,0
464,035930000,0,0,0
465,040001000,0,0,0
466,040031000,0,0,0
467,040101000,0,0,0
468,040132000,0,0,0
469,040202000,0,0,0
470,040233000,0,0,0
471,040304000,0,0,0
472,040334000,1,1,64
473,040404000,0,0,0
474,040435000,0,0,0
475,040505000,2,1,64
476,040535000,1,1,63
477,040606000,0,0,0
478,040636000,0,0,0
479,040706000,0,0,0
480,040737000,0,0,0
481,040807000,1,1,63
482,040838000,0,0,0
483,040909000,1,1,62
484,040939000,2,1,61
485,041010000,0,0,0
486,041040000,0,0,0
487,041110000,1,1,60
488,041140000,1,1,60
489,041211000,1,1,59
490,041241000,0,0,0
491,041311000,0,0,0
492,041341000,0,0,0
493,041412000,0,0,0
494,041442000,0,0,0
495,041513000,0,0,0
496,041543000,1,1,58
497,041613000,2,1,57
498,041644000,0,0,0
499,041714000,0,1,0
500,041745000,1,1,57
501,041815000,0,0,0
502,041845000,0,0,0
503,041915000,0,0,0
504,041946000,0,0,0
505,042016000,0,0,0
506,042046000,0,0,0
507,042116000,1,1,57
508,042147000,1,1,56
509,042217000,1,1,55
510,042248000,0,0,0
511,042318000,0,0,0
512,042349000,0,0,0
513,042419000,1,1,55
514,042449000,3,1,57
515,042520000,1,1,57
516,042550000,0,0,0
517,042620000,1,1,57
518,042650000,0,0,0
519,042721000,0,0,0
520,042751000,0,0,0
521,042821000,1,1,57
522,042851000,1,1,57
523,042922000,1,1,57
524,042952000,0,0,0
525,043023000,1,1,57
526,043023000,1,1,57
527,043123000,0,0,0
528,043154000,2,1,57
529,043225000,1,1,57
530,043256000,0,0,0
531,043326000,0,0,0
532,043357000,0,0,0
533,043427000,1,1,57
534,043457000,0,0,0
535,043457000,0,0,0
536,043629000,0,0,0
537,043700000,0,0,0
538,043730000,0,0,0
539,043801000,0,0,0
540,043831000,0,0,0
541,043901000,0,0,0
542,043932000,0,0,0
543,044003000,0,0,0
544,044033000,1,1,57
545,044103000,2,1,57
546,044134000,1,1,57
547,044205000,0,0,0
548,044235000,0,0,0
549,044306000,0,0,0
550,044336000,0,0,0
551,044407000,2,1,57
552,044437000,2,1,57
553,044507000,0,0,0
554,044538000,0,0,0
555,044609000,0,0,0
556,044639000,2,1,57
557,044709000,0,0,0
558,044740000,1,1,56
559,044810000,0,0,0
560,044841000,1,1,56
561,044911000,2,1,56
562,044941000,0,0,0
563,045011000,0,0,0
564,045041000,1,1,56
565,045111000,1,1,56
566,045141000,0,0,0
567,045212000,3,1,56
568,045243000,1,1,55
569,045313000,1,1,55
570,045344000,1,1,54
571,045414000,0,0,0
572,045444000,1,1,53
573,045515000,0,0,0
574,045545000,0,0,0
575,045615000,0,0,0
576,045645000,0,0,0
577,045716000,0,0,0
578,045746000,0,0,0
579,045816000,1,1,53
580,045847000,1,1,52
581,045917000,0,0,0
582,045947000,3,1,51
583,050017000,0,0,0
584,050048000,2,1,50
585,050118000,1,1,49
586,050149000,1,1,48
587,050219000,3,1,47
588,050249000,0,0,0
589,050320000,3,1,48
590,050351000,5,2,49
591,050422000,3,1,50
592,050452000,0,0,0
593,050523000,1,1,50
594,050553000,3,1,50
595,050624000,2,1,51
596,050654000,2,1,52
597,050725000,0,0,0
598,050755000,2,1,52
599,050825000,1,1,52
600,050856000,3,1,53
601,050927000,5,2,54
602,050958000,0,0,0
603,051028000,1,1,54
604,051059000,1,1,53
605,051130000,0,0,0
606,051200000,3,1,53
607,051230000,3,3,56
608,051301000,2,1,57
609,051331000,2,1,57
610,051402000,0,0,0
611,051432000,6,3,59
612,051503000,3,1,58
613,051533000,4,2,57
614,051604000,5,2,56
615,051635000,3,1,56
616,051705000,4,2,57
617,051735000,5,2,57
618,051806000,3,1,57
619,051837000,0,0,0
620,051907000,9,4,56
621,051938000,4,2,57
622,052009000,3,1,58
623,052039000,4,2,60
624,052110000,1,1,60
625,052140000,7,3,60
626,052210000,5,2,59
627,052240000,2,1,59
628,052311000,3,2,58
629,052342000,8,4,56
630,052412000,6,5,57
631,052442000,3,1,58
632,052512000,6,3,59
633,052543000,2,1,59
634,052614000,3,1,59
635,052644000,4,2,60
636,052714000,2,1,60
637,052745000,4,2,59
638,052816000,4,2,58
639,052846000,5,2,58
640,052916000,4,4,58
641,052946000,11,6,58
642,053017000,12,6,57
643,053047000,4,2,56
644,053117000,9,4,57
645,053147000,2,1,57
646,053218000,8,4,55
647,053248000,3,1,55
648,053319000,5,2,57
649,053349000,5,2,57
650,053419000,3,2,57
651,053450000,12,6,60
652,053521000,3,1,60
653,053551000,8,4,58
654,053621000,2,1,59
655,053652000,6,3,60
656,053722000,8,4,62
657,053753000,4,3,62
658,053823000,9,4,62
659,053853000,10,5,57
660,053923000,4,2,57
661,054024000,4,2,55
662,054054000,5,2,53
663,054124000,5,2,55
664,054155000,2,1,56
665,054225000,8,4,59
666,054255000,9,4,58
667,054325000,4,2,57
668,054355000,6,3,57
669,054425000,14,7,58
670,054456000,12,6,56
671,054527000,12,6,57
672,054557000,2,1,57
673,054557000,2,1,57
674,054658000,13,6,56
675,054729000,2,1,55
676,054759000,2,1,55
677,054830000,5,2,55
678,054900000,3,1,56
679,054931000,10,5,52
680,055001000,12,6,53
681,055031000,2,1,53
682,055102000,8,4,52
683,055132000,8,4,55
684,055203000,1,1,55
685,055233000,6,3,53
686,055304000,6,3,53
687,055335000,7,3,53
688,055405000,12,6,57
689,055435000,2,1,57
690,055505000,9,4,58
691,055536000,2,1,58
692,055607000,8,4,60
693,055638000,6,3,60
694,055708000,9,4,59
695,055738000,4,2,57
696,055809000,15,8,57
697,055839000,10,5,57
698,055910000,7,3,57
699,055940000,7,3,56
700,060010000,3,1,56
701,060041000,15,7,57
702,060111000,4,2,57
703,060141000,13,6,55
704,060211000,11,6,56
705,060242000,6,3,57
706,060312000,8,4,57
707,060342000,11,5,54
708,060413000,10,5,55
709,060443000,9,4,54
710,060514000,6,3,57
711,060544000,13,6,57
712,060615000,21,10,58
713,060645000,3,2,58
714,060716000,8,4,60
715,060746000,10,5,59
716,060817000,5,2,59
717,060847000,7,3,62
718,060918000,18,9,58
719,060948000,9,4,52
720,061018000,4,4,52
721,061049000,16,8,57
722,061119000,24,12,54
723,061149000,8,4,53
724,061219000,13,6,53
725,061250000,9,4,53
726,061320000,16,10,59
727,061350000,17,8,58
728,061451000,17,8,56
729,061521000,16,8,57
730,061552000,15,7,52
731,061623000,14,7,55
732,061653000,10,5,55
733,061723000,15,9,53
734,061753000,11,5,55
735,061824000,14,8,56
736,061854000,14,7,53
737,061925000,14,7,53
738,061955000,14,7,53
739,062025000,19,9,62
740,062055000,18,9,60
741,062126000,14,8,57
742,062157000,20,11,55
743,062227000,20,12,55
744,062227000,20,12,55
745,062328000,22,11,57
746,062359000,17,8,57
747,062429000,8,4,57
748,062500000,25,12,57
749,062530000,15,7,61
750,062601000,15,7,59
751,062632000,19,9,54
752,062702000,14,7,57
753,062732000,22,11,58
754,062803000,14,7,58
755,062834000,12,6,54
756,062904000,16,9,57
757,062934000,11,8,61
758,063005000,15,8,62
759,063035000,11,5,59
760,063106000,23,13,59
761,063137000,12,6,63
762,063207000,21,10,59
763,063237000,11,5,58
764,063308000,8,4,57
765,063339000,13,6,57
766,063409000,18,10,62
767,063440000,21,10,63
768,063510000,23,14,60
769,063541000,9,4,55
770,063611000,12,6,58
771,063641000,20,12,57
772,063711000,17,8,56
773,063742000,17,8,57
774,063812000,9,4,55
775,063842000,15,9,56
776,063913000,17,9,60
777,063944000,16,8,58
778,064014000,11,5,57
779,064044000,12,6,57
780,064114000,25,12,53
781,064144000,20,10,57
782,064215000,16,8,55
783,064245000,16,8,57
784,064315000,14,7,57
785,064346000,12,7,55
786,064417000,14,7,57
787,064447000,16,9,56
788,064518000,19,9,56
789,064548000,18,9,52
790,064619000,14,7,53
791,064649000,14,7,54
792,064720000,14,7,53
793,064750000,9,4,53
794,064820000,11,6,55
795,064851000,16,8,57
796,064922000,15,7,56
797,064952000,8,4,58
798,065023000,14,7,58
799,065053000,8,4,57
800,065124000,12,6,55
801,065155000,15,7,53
802,065225000,15,7,58
803,065256000,22,11,57
804,065327000,23,11,56
805,065358000,16,8,56
806,065428000,12,6,58
807,065529000,19,13,58
808,065600000,19,9,58
809,065630000,13,6,57
810,065700000,15,7,55
811,065730000,14,7,57
812,065801000,12,6,57
813,065832000,19,9,56
814,065902000,19,9,56
815,065933000,15,7,52
816,070003000,7,4,53
817,070033000,20,10,54
818,070103000,20,10,54
819,070133000,15,7,57
820,070204000,13,6,58
821,070234000,14,7,60
822,070305000,16,8,59
823,070335000,9,4,62
824,070405000,20,10,62
825,070436000,3,3,62
826,070507000,27,13,60
827,070537000,10,5,51
828,070607000,10,5,53
829,070638000,7,3,52
830,070708000,14,7,53
831,070738000,14,7,55
832,070809000,7,3,57
833,070840000,12,6,58
834,070910000,12,6,60
835,070940000,11,5,59
836,071011000,15,7,60
837,071041000,18,9,57
838,071111000,7,3,55
839,071141000,18,9,55
840,071211000,19,9,57
841,071242000,13,6,60
842,071312000,17,8,60
843,071342000,12,6,58
844,071412000,17,8,55
845,071443000,12,6,60
846,071513000,7,3,61
847,071543000,15,7,62
848,071614000,14,7,57
849,071645000,17,8,62
850,071715000,14,7,60
851,071745000,16,8,57
852,071815000,16,8,57
853,071845000,14,7,56
854,071916000,12,6,57
855,071947000,16,8,55
856,072017000,19,9,52
857,072048000,12,6,54
858,072118000,16,8,55
859,072148000,19,9,58
860,072218000,13,6,57
861,072249000,17,8,53
862,072319000,19,9,57
863,072350000,15,7,54
864,072420000,14,7,57
865,072450000,13,6,61
866,072521000,15,7,63
867,072551000,7,4,61
868,072622000,10,7,60
869,072652000,15,7,67
870,072723000,12,6,66
871,072753000,10,5,60
872,072823000,9,4,55
873,072854000,15,7,54
874,072924000,12,6,55
875,072924000,12,6,55
876,073025000,16,8,56
877,073055000,11,5,58
878,073126000,9,5,59
879,073156000,16,8,62
880,073226000,19,12,60
881,073256000,14,7,65
882,073327000,16,11,58
883,073357000,15,7,60
884,073357000,15,7,60
885,073428000,20,10,59
886,073458000,15,7,65
887,073529000,16,8,66
888,073559000,18,9,62
889,073629000,17,8,56
890,073659000,9,4,53
891,073730000,19,10,57
892,073801000,12,6,59
893,073831000,10,5,63
894,073901000,15,7,59
895,073932000,9,4,60
896,074002000,19,9,62
897,074033000,18,9,60
898,074103000,13,6,61
899,074134000,3,1,60
900,074204000,11,5,60
901,074234000,13,6,57
902,074304000,18,9,54
903,074334000,15,7,53
904,074404000,17,8,54
905,074435000,11,5,53
906,074505000,15,7,53
907,074536000,14,7,57
908,074607000,9,4,61
909,074637000,15,7,64
910,074707000,6,3,60
911,074738000,12,6,57
912,074809000,17,8,57
913,074840000,19,9,55
914,074911000,15,7,56
915,074941000,18,9,57
916,075012000,11,5,58
917,075042000,9,4,61
918,075112000,17,8,63
919,075143000,16,8,59
920,075213000,8,4,58
921,075243000,6,3,57
922,075313000,13,6,55
923,075344000,4,3,55
924,075414000,12,6,58
925,075445000,21,10,60
926,075515000,15,7,62
927,075546000,14,7,55
928,075617000,9,4,55
929,075647000,15,7,58
930,075717000,7,3,59
931,075748000,9,4,59
932,075818000,12,6,57
933,075849000,20,10,56
934,075919000,16,9,57
935,075950000,13,6,54
936,080020000,9,5,57
937,080051000,9,4,57
938,080121000,3,1,57
939,080151000,10,5,53
940,080222000,18,9,50
941,080252000,21,10,49
942,080322000,16,8,53
943,080352000,9,4,57
944,080423000,11,5,57
945,080453000,13,7,57
946,080524000,10,6,58
947,080554000,4,2,58
948,080624000,7,3,59
949,080655000,15,7,57
950,080725000,9,4,60
951,080755000,12,6,63
952,080826000,13,6,59
953,080856000,4,3,58
954,080927000,15,7,55
955,080957000,13,6,60
956,081028000,18,9,59
957,081059000,10,5,62
958,081129000,7,3,62
959,081159000,16,8,59
960,081230000,17,10,60
961,081300000,11,5,62
962,081331000,21,10,58
963,081401000,17,8,58
964,081431000,13,6,57
965,081501000,13,6,57
966,081532000,12,6,57
967,081602000,7,5,57
968,081633000,8,4,57
969,081703000,16,8,55
970,081734000,5,2,57
971,081804000,10,6,57
972,081835000,12,6,59
973,081906000,17,9,55
974,081937000,18,9,53
975,082007000,14,7,56
976,082037000,7,3,57
977,082108000,23,11,54
978,082139000,8,4,55
979,082209000,15,7,57
980,082240000,9,5,56
981,082310000,15,7,57
982,082341000,19,9,58
983,082411000,16,8,63
984,082441000,8,4,58
985,082511000,11,5,59
986,082542000,17,8,56
987,082612000,6,3,55
988,082643000,12,6,52
989,082713000,9,4,54
990,082744000,11,5,55
991,082815000,9,4,56
992,082845000,15,7,58
993,082915000,6,3,56
994,082946000,12,6,54
995,083017000,11,5,53
996,083047000,11,5,55
997,083117000,22,11,59
998,083147000,5,2,58
999,083218000,18,9,57
1000,083249000,20,10,55
1001,083319000,12,6,57
1002,083350000,7,3,60
1003,083420000,13,6,57
1004,083451000,15,7,59
1005,083521000,9,4,61
1006,083551000,18,9,57
1007,083622000,14,7,58
1008,083653000,18,9,58
1009,083724000,15,7,58
1010,083754000,22,11,57
1011,083824000,9,5,57
1012,083824000,9,5,57
1013,083925000,14,8,57
1014,083956000,18,9,57
1015,084026000,12,7,63
1016,084056000,11,5,60
1017,084127000,14,7,57
1018,084157000,3,1,56
1019,084227000,6,3,57
1020,084258000,13,6,57
1021,084328000,15,7,56
1022,084428000,15,7,54
1023,084459000,15,7,55
1024,084530000,13,7,58
1025,084600000,13,7,55
1026,084630000,13,6,53
1027,084701000,12,6,59
1028,084732000,18,9,60
1029,084802000,7,3,58
1030,084833000,16,8,52
1031,084903000,11,5,52
1032,084934000,15,7,57
1033,085005000,9,4,55
1034,085035000,10,6,55
1035,085105000,13,6,57
1036,085135000,15,7,55
1037,085206000,5,2,57
1038,085236000,11,5,58
1039,085307000,10,5,57
1040,085337000,14,7,53
1041,085408000,7,3,52
1042,085438000,10,5,51
1043,085509000,6,3,52
1044,085540000,11,5,53
1045,085610000,13,6,60
1046,085640000,15,8,62
1047,085710000,3,1,62
1048,085741000,5,2,62
1049,085811000,4,2,62
1050,085842000,11,5,57
1051,085912000,13,6,63
1052,085943000,20,10,59
1053,090014000,3,1,59
1054,090045000,12,7,55
1055,090115000,8,4,55
1056,090146000,14,7,55
1057,090217000,8,4,54
1058,090248000,5,5,55
1059,090318000,10,5,53
1060,090349000,9,4,53
1061,090419000,13,6,53
1062,090449000,7,4,58
1063,090520000,6,3,57
1064,090551000,5,2,57
1065,090621000,9,4,55
1066,090651000,6,3,54
1067,090721000,4,2,53
1068,090752000,8,4,50
1069,090822000,16,8,54
1070,090852000,7,3,55
1071,090923000,16,8,58
1072,090953000,9,4,60
1073,091023000,6,3,57
1074,091054000,10,5,58
1075,091125000,4,2,58
1076,091156000,9,5,58
1077,091227000,8,4,57
1078,091258000,5,2,60
1079,091258000,5,2,60
1080,091328000,2,1,60
1081,091429000,10,5,61
1082,091459000,4,2,61
1083,091530000,10,5,61
1084,091600000,14,7,56
1085,091630000,8,4,53
1086,091701000,9,4,56
1087,091732000,5,2,57
1088,091802000,7,4,63
1089,091832000,7,3,57
1090,091903000,7,3,57
1091,091934000,9,4,56
1092,092004000,6,3,57
1093,092034000,9,4,57
1094,092105000,12,6,58
1095,092136000,4,2,58
1096,092206000,13,7,58
1097,092237000,4,2,58
1098,092307000,14,9,60
1099,092337000,5,2,61
1100,092408000,6,3,61
1101,092438000,4,2,60
1102,092509000,2,1,59
1103,092539000,12,6,56
1104,092610000,12,6,53
1105,092640000,11,5,57
1106,092711000,5,3,56
1107,092742000,6,3,57
1108,092812000,5,3,55
1109,092843000,10,5,55
1110,092913000,7,5,54
1111,092943000,6,3,53
1112,093014000,4,2,54
1113,093044000,7,3,55
1114,093114000,6,3,56
1115,093145000,10,5,55
1116,093216000,3,1,55
1117,093246000,6,4,55
1118,093316000,13,6,57
1119,093347000,11,5,55
1120,093418000,10,5,55
1121,093448000,9,4,57
1122,093519000,2,1,58
1123,093549000,8,4,58
1124,093619000,8,4,58
1125,093650000,9,4,62
1126,093721000,6,3,62
1127,093751000,7,4,60
1128,093822000,7,6,60
1129,093852000,5,2,63
1130,093922000,6,3,60
1131,093953000,12,7,56
1132,094023000,2,1,55
1133,094053000,7,4,55
1134,094053000,7,4,55
1135,094154000,10,5,59
1136,094225000,7,3,58
1137,094255000,13,12,58
1138,094326000,10,7,58
1139,094356000,12,6,57
1140,094426000,4,3,56
1141,094457000,3,1,55
1142,094527000,14,7,56
1143,094527000,14,7,56
1144,094558000,6,3,55
1145,094629000,7,3,57
1146,094659000,6,3,57
1147,094730000,5,2,57
1148,094800000,8,4,55
1149,094831000,6,3,54
1150,094902000,12,6,58
1151,094932000,8,4,54
1152,095002000,8,4,52
1153,095033000,2,1,55
1154,095103000,7,4,57
1155,095134000,8,4,57
1156,095205000,8,4,63
1157,095235000,10,5,63
1158,095305000,19,11,61
1159,095336000,4,2,58
1160,095406000,5,2,56
1161,095437000,3,1,55
1162,095507000,10,8,56
1163,095538000,9,4,59
1164,095609000,8,4,56
1165,095639000,6,3,54
1166,095709000,8,4,53
1167,095740000,12,7,57
1168,095810000,7,3,56
1169,095841000,8,4,52
1170,095911000,4,3,53
1171,095942000,14,7,52
1172,100012000,8,4,53
1173,100043000,6,3,53
1174,100113000,6,3,57
1175,100143000,8,7,56
1176,100213000,5,3,55
1177,100243000,7,4,56
1178,100314000,5,2,58
1179,100344000,6,3,61
1180,100415000,4,2,62
1181,100446000,9,4,58
1182,100516000,5,2,58
1183,100547000,5,2,60
1184,100617000,12,7,58
1185,100647000,11,6,58
1186,100718000,6,3,58
1187,100748000,7,3,58
1188,100818000,4,2,57
1189,100849000,5,2,56
1190,100919000,3,1,56
1191,100950000,6,3,57
1192,101020000,7,5,55
1193,101051000,7,3,54
1194,101121000,8,4,52
1195,101151000,5,2,50
1196,101222000,7,3,51
1197,101252000,2,1,50
1198,101322000,9,5,53
1199,101352000,6,3,54
1200,101423000,8,4,58
1201,101454000,9,5,60
1202,101524000,9,5,61
1203,101524000,9,5,61
1204,101626000,9,4,55
1205,101657000,8,4,54
1206,101727000,11,8,56
1207,101758000,5,2,56
1208,101828000,3,1,56
1209,101859000,9,7,58
1210,101929000,5,2,60
1211,102000000,7,3,62
1212,102030000,8,4,61
1213,102101000,8,4,57
1214,102131000,6,3,59
1215,102202000,7,3,63
1216,102232000,7,3,63
1217,102303000,6,3,63
1218,102333000,11,5,59
1219,102404000,2,1,60
1220,102435000,5,3,58
1221,102505000,4,2,60
1222,102536000,6,3,59
1223,102607000,5,2,57
1224,102637000,6,5,59
1225,102708000,7,3,58
1226,102738000,14,11,57
1227,102809000,7,3,55
1228,102839000,1,1,55
1229,102910000,9,4,55
1230,102940000,6,3,54
1231,103011000,8,6,57
1232,103041000,7,3,58
1233,103112000,10,5,58
1234,103143000,5,2,57
1235,103213000,17,8,55
1236,103244000,5,2,57
1237,103314000,8,4,56
1238,103344000,11,5,55
1239,103415000,15,7,55
1240,103445000,3,1,55
1241,103515000,12,10,57
1242,103546000,4,2,55
1243,103616000,3,1,53
1244,103647000,10,5,53
1245,103717000,5,2,55
1246,103747000,7,3,57
1247,103817000,4,2,58
1248,103847000,5,3,60
1249,103917000,11,5,60
1250,103948000,5,3,58
1251,104018000,1,1,57
1252,104048000,4,2,57
1253,104118000,13,8,63
1254,104148000,3,2,65
1255,104219000,4,3,67
1256,104250000,8,4,66
1257,104320000,4,2,65
1258,104351000,6,4,63
1259,104421000,0,0,0
1260,104451000,5,2,61
1261,104522000,5,2,60
1262,104552000,12,7,59
1263,104623000,6,3,58
1264,104653000,5,2,58
1265,104723000,4,2,59
1266,104754000,4,2,60
1267,104824000,9,4,60
1268,104854000,12,6,60
1269,104925000,9,4,58
1270,104956000,10,7,58
1271,105057000,7,3,63
1272,105127000,8,5,59
1273,105127000,8,5,59
1274,105158000,8,4,58
1275,105228000,2,1,58
1276,105329000,4,2,58
1277,105359000,7,5,57
1278,105430000,3,1,57
1279,105500000,8,4,55
1280,105531000,3,1,55
1281,105601000,5,2,57
1282,105632000,4,2,57
1283,105702000,3,1,57
1284,105733000,8,4,58
1285,105803000,6,3,58
1286,105834000,9,4,55
1287,105904000,5,2,56
1288,105935000,2,1,56
1289,110005000,5,2,58
1290,110035000,6,3,58
1291,110105000,3,1,58
1292,110135000,8,4,59
1293,110206000,7,5,57
1294,110236000,5,2,57
1295,110307000,6,3,57
1296,110337000,9,4,57
1297,110407000,8,4,60
1298,110437000,3,2,60
1299,110508000,2,1,60
1300,110539000,7,5,55
1301,110609000,10,6,57
1302,110640000,6,3,57
1303,110710000,7,3,55
1304,110741000,10,5,55
1305,110811000,5,2,54
1306,110842000,6,5,55
1307,110912000,2,1,57
1308,110942000,9,4,60
1309,111013000,10,5,59
1310,111043000,7,3,64
1311,111113000,5,2,66
1312,111144000,6,4,66
1313,111214000,8,4,61
1314,111244000,10,5,58
1315,111315000,5,4,60
1316,111345000,8,4,59
1317,111415000,3,2,59
1318,111445000,3,1,61
1319,111516000,6,4,58
1320,111547000,8,4,58
1321,111617000,12,6,57
1322,111647000,11,5,55
1323,111718000,12,6,55
1324,111748000,17,8,60
1325,111818000,5,2,61
1326,111849000,7,3,62
1327,111920000,7,3,59
1328,111951000,7,3,57
1329,112021000,5,2,57
1330,112051000,7,3,55
1331,112122000,10,6,60
1332,112153000,16,8,60
1333,112223000,9,6,62
1334,112254000,4,2,60
1335,112324000,7,3,58
1336,112355000,3,2,57
1337,112425000,8,4,54
1338,112425000,8,4,54
1339,112526000,3,1,55
1340,112556000,9,4,58
1341,112627000,4,2,57
1342,112657000,8,4,54
1343,112728000,12,7,53
1344,112758000,5,2,55
1345,112828000,13,6,55
1346,112858000,6,3,55
1347,112929000,7,3,57
1348,113000000,7,3,57
1349,113030000,5,2,57
1350,113101000,8,4,57
1351,113132000,8,4,57
1352,113202000,9,4,58
1353,113233000,7,3,55
1354,113304000,7,3,57
1355,113334000,6,3,57
1356,113405000,9,4,55
1357,113435000,2,1,55
1358,113505000,9,4,57
1359,113536000,3,3,57
1360,113606000,7,4,57
1361,113637000,6,3,56
1362,113707000,3,1,55
1363,113737000,2,1,55
1364,113808000,7,4,58
1365,113839000,10,5,61
1366,113909000,4,2,61
1367,113939000,10,5,62
1368,114009000,6,3,58
1369,114040000,4,4,59
1370,114110000,5,2,60
1371,114140000,9,4,60
1372,114211000,6,3,57
1373,114242000,4,2,55
1374,114312000,6,3,59
1375,114343000,13,8,65
1376,114413000,6,3,64
1377,114444000,4,2,63
1378,114514000,8,4,59
1379,114545000,4,2,59
1380,114616000,3,1,59
1381,114646000,7,3,58
1382,114716000,11,5,54
1383,114746000,5,2,55
1384,114817000,6,3,53
1385,114848000,11,5,51
1386,114918000,5,2,53
1387,114948000,9,4,57
1388,115018000,6,3,57
1389,115048000,11,5,56
1390,115119000,6,3,56
1391,115150000,3,1,55
1392,115220000,5,2,54
1393,115250000,9,4,55
1394,115320000,2,1,55
1395,115351000,7,3,53
1396,115422000,8,4,53
1397,115452000,5,2,53
1398,115523000,5,2,55
1399,115553000,15,9,54
1400,115623000,11,5,53
1401,115653000,9,5,51
1402,115724000,6,3,53
1403,115754000,13,6,58
1404,115825000,1,1,58
1405,115856000,8,4,62
1406,115927000,3,1,62
1407,115958000,10,5,60
1408,120029000,4,2,58
1409,120059000,2,2,58
1410,120130000,17,10,60
1411,120200000,5,5,58
1412,120231000,5,2,58
1413,120301000,5,2,57
1414,120332000,9,4,57
1415,120402000,5,2,56
1416,120433000,5,2,57
1417,120503000,3,1,57
1418,120534000,7,3,57
1419,120604000,8,4,60
1420,120635000,6,3,57
1421,120705000,3,1,57
1422,120736000,2,1,57
1423,120806000,7,3,60
1424,120837000,8,10,61
1425,120907000,13,9,59
1426,120938000,6,3,57
1427,121008000,5,2,57
1428,121039000,6,3,52
1429,121110000,5,2,48
1430,121140000,8,4,51
1431,121210000,12,6,59
1432,121241000,4,3,60
1433,121311000,4,2,59
1434,121341000,7,3,57
1435,121411000,12,6,58
1436,121442000,3,1,57
1437,121513000,10,5,56
1438,121544000,5,2,55
1439,121614000,7,4,57
1440,121645000,6,3,57
1441,121715000,9,4,57
1442,121746000,9,4,57
1443,121816000,5,2,57
1444,121847000,9,7,53
1445,121917000,11,5,53
1446,121948000,10,5,55
1447,122019000,10,5,57
1448,122049000,7,3,56
1449,122119000,10,6,61
1450,122150000,7,3,61
1451,122220000,6,4,61
1452,122251000,1,1,60
1453,122321000,6,3,59
1454,122352000,4,2,58
1455,122423000,12,7,59
1456,122453000,6,3,59
1457,122524000,10,5,60
1458,122554000,4,2,60
1459,122625000,5,4,59
1460,122655000,12,6,62
1461,122655000,12,6,62
1462,122756000,1,1,62
1463,122827000,1,1,61
1464,122927000,6,3,55
1465,122957000,3,1,53
1466,123028000,14,7,49
1467,123059000,9,4,48
1468,123129000,5,2,48
1469,123200000,8,4,50
1470,123230000,6,3,52
1471,123300000,7,3,53
1472,123330000,3,1,53
1473,123401000,5,2,54
1474,123432000,7,3,59
1475,123503000,12,6,57
1476,123533000,5,5,58
1477,123603000,10,5,57
1478,123634000,2,1,56
1479,123704000,4,2,56
1480,123735000,2,1,56
1481,123805000,1,1,56
1482,123835000,14,7,56
1483,123905000,11,5,60
1484,123936000,5,2,58
1485,124007000,8,7,58
1486,124038000,8,4,55
1487,124109000,7,3,51
1488,124139000,5,2,50
1489,124210000,9,4,49
1490,124240000,9,4,53
1491,124311000,7,3,55
1492,124342000,6,3,55
1493,124412000,1,1,55
1494,124442000,1,1,55
1495,124513000,12,6,55
1496,124543000,5,2,56
1497,124613000,3,1,55
1498,124643000,4,2,54
1499,124714000,14,9,55
1500,124744000,13,6,55
1501,124814000,2,1,55
1502,124845000,6,3,55
1503,124916000,11,5,55
1504,124947000,4,2,54
1505,125017000,5,4,55
1506,125048000,6,5,57
1507,125118000,1,1,57
1508,125148000,7,3,57
1509,125219000,2,1,57
1510,125249000,8,4,55
1511,125319000,5,2,54
1512,125350000,4,2,55
1513,125421000,3,1,56
1514,125451000,12,6,56
1515,125552000,8,5,55
1516,125622000,4,2,54
1517,125653000,9,4,55
1518,125723000,12,6,56
1519,125754000,6,3,55
1520,125825000,4,2,55
1521,125855000,5,2,56
1522,125926000,9,4,55
1523,125957000,0,0,0
1524,130027000,5,3,55
1525,130057000,4,2,56
1526,130128000,7,3,57
1527,130228000,10,5,57
1528,130259000,2,1,54
1529,130330000,4,2,52
1530,130400000,10,5,51
1531,130431000,10,5,53
1532,130501000,8,5,55
1533,130532000,5,2,56
1534,130602000,3,1,57
1535,130632000,8,4,57
1536,130703000,6,3,57
1537,130733000,9,5,56
1538,130804000,2,1,55
1539,130834000,4,2,55
1540,130904000,10,7,58
1541,130934000,4,2,57
1542,131004000,7,4,53
1543,131034000,2,1,53
1544,131105000,9,4,53
1545,131135000,9,4,50
1546,131205000,6,4,48
1547,131236000,17,8,50
1548,131307000,8,4,52
1549,131337000,4,2,52
1550,131407000,3,1,52
1551,131438000,9,4,56
1552,131508000,5,2,57
1553,131539000,3,3,57
1554,131610000,18,9,58
1555,131640000,12,7,57
1556,131710000,7,3,57
1557,131741000,3,1,57
1558,131811000,6,3,58
1559,131842000,9,5,57
1560,131912000,11,5,61
1561,131943000,11,5,62
1562,132013000,9,4,58
1563,132044000,8,4,56
1564,132114000,1,1,55
1565,132145000,6,3,56
1566,132215000,10,6,60
1567,132245000,7,3,62
1568,132316000,1,1,61
1569,132346000,9,4,57
1570,132417000,5,2,57
1571,132447000,6,3,59
1572,132517000,11,6,62
1573,132548000,10,5,61
1574,132618000,12,6,55
1575,132649000,4,2,57
1576,132719000,6,3,57
1577,132749000,6,3,55
1578,132820000,10,5,56
1579,132850000,6,3,56
1580,132920000,7,5,55
1581,132950000,6,3,57
1582,133021000,8,4,63
1583,133051000,8,4,62
1584,133121000,11,5,57
1585,133152000,9,4,57
1586,133223000,8,4,62
1587,133254000,4,2,62
1588,133324000,13,6,61
1589,133355000,11,5,59
1590,133425000,9,4,55
1591,133456000,3,1,54
1592,133556000,9,4,53
1593,133556000,9,4,53
1594,133657000,6,3,53
1595,133727000,6,3,53
1596,133758000,9,4,56
1597,133758000,9,4,56
1598,133828000,10,5,58
1599,133858000,5,2,56
1600,133929000,7,4,58
1601,133959000,13,6,57
1602,134030000,7,3,56
1603,134100000,8,4,55
1604,134130000,8,4,55
1605,134201000,4,2,54
1606,134232000,12,7,58
1607,134303000,11,6,62
1608,134333000,9,4,57
1609,134403000,10,5,54
1610,134434000,7,3,55
1611,134504000,7,3,56
1612,134535000,6,3,53
1613,134606000,3,1,53
1614,134636000,7,4,55
1615,134707000,6,3,59
1616,134738000,4,2,59
1617,134808000,7,3,60
1618,134838000,12,7,57
1619,134909000,9,4,52
1620,134939000,9,4,53
1621,135009000,3,1,53
1622,135039000,3,1,52
1623,135110000,11,5,49
1624,135140000,16,8,50
1625,135211000,2,3,52
1626,135241000,7,3,58
1627,135311000,4,2,60
1628,135342000,5,2,59
1629,135412000,11,5,59
1630,135443000,13,6,56
1631,135513000,3,1,57
1632,135543000,4,2,57
1633,135613000,9,4,57
1634,135644000,4,2,58
1635,135714000,10,5,57
1636,135744000,10,5,57
1637,135815000,3,1,57
1638,135845000,7,6,58
1639,135916000,9,4,63
1640,135946000,8,7,66
1641,140016000,6,5,67
1642,140046000,6,3,63
1643,140116000,14,7,56
1644,140147000,10,8,56
1645,140217000,4,2,57
1646,140247000,12,7,62
1647,140317000,13,7,62
1648,140348000,7,3,57
1649,140418000,3,1,57
1650,140449000,6,3,60
1651,140519000,12,6,59
1652,140550000,14,7,57
1653,140620000,4,2,57
1654,140650000,4,2,57
1655,140720000,7,5,56
1656,140750000,7,3,55
1657,140821000,6,3,55
1658,140851000,12,6,56
1659,140922000,7,3,57
1660,140953000,5,2,56
1661,141024000,10,5,57
1662,141024000,7,3,55
1663,141125000,7,5,53
1664,141155000,9,5,53
1665,141226000,8,4,52
1666,141256000,10,5,53
1667,141326000,3,1,55
1668,141357000,7,3,55
1669,141427000,8,5,61
1670,141457000,2,1,61
1671,141528000,7,3,62
1672,141629000,6,5,66
1673,141659000,3,1,65
1674,141729000,10,6,63
1675,141800000,2,1,63
1676,141831000,6,3,61
1677,141901000,2,1,60
1678,141932000,2,1,58
1679,142002000,13,9,57
1680,142033000,6,3,57
1681,142104000,6,3,57
1682,142134000,8,4,55
1683,142204000,2,1,55
1684,142235000,13,6,56
1685,142306000,8,5,56
1686,142336000,6,3,57
1687,142407000,4,2,56
1688,142437000,16,8,64
1689,142508000,5,2,60
1690,142538000,11,6,56
1691,142609000,7,6,58
1692,142640000,4,2,58
1693,142710000,2,1,58
1694,142741000,11,6,64
1695,142811000,6,3,61
1696,142842000,11,5,58
1697,142912000,3,1,57
1698,142943000,12,6,57
1699,143013000,4,2,58
1700,143043000,10,7,59
1701,143114000,12,6,59
1702,143144000,12,6,58
1703,143215000,6,3,57
1704,143245000,1,1,57
1705,143316000,19,11,55
1706,143347000,7,3,53
1707,143418000,16,8,55
1708,143448000,11,7,58
1709,143518000,7,3,62
1710,143549000,9,4,58
1711,143619000,10,5,58
1712,143650000,9,4,57
1713,143720000,9,4,57
1714,143751000,7,3,55
1715,143821000,7,3,52
1716,143851000,7,3,52
1717,143921000,5,2,55
1718,143952000,11,6,57
1719,144022000,6,3,56
1720,144053000,15,7,52
1721,144123000,11,5,55
1722,144154000,5,2,55
1723,144224000,8,5,54
1724,144254000,10,6,54
1725,144324000,2,1,54
1726,144355000,14,7,57
1727,144425000,9,4,55
1728,144455000,8,4,55
1729,144526000,10,5,54
1730,144557000,7,3,55
1731,144627000,7,6,56
1732,144657000,3,1,55
1733,144657000,3,1,55
1734,144727000,13,9,57
1735,144758000,9,5,56
1736,144829000,14,7,57
1737,144859000,15,7,57
1738,144930000,20,10,55
1739,145000000,12,6,55
1740,145031000,6,3,54
1741,145101000,16,8,56
1742,145131000,5,2,57
1743,145201000,6,3,55
1744,145232000,7,3,55
1745,145303000,9,6,60
1746,145333000,6,3,58
1747,145403000,6,8,61
1748,145434000,10,5,58
1749,145504000,13,6,56
1750,145535000,7,3,58
1751,145605000,14,7,57
1752,145636000,6,3,55
1753,145706000,11,5,53
1754,145736000,8,4,54
1755,145807000,10,5,57
1756,145838000,7,3,58
1757,145908000,10,5,59
1758,145939000,5,2,60
1759,150009000,10,5,59
1760,150040000,9,4,58
1761,150110000,5,3,60
1762,150141000,6,3,58
1763,150211000,6,3,57
1764,150242000,9,4,60
1765,150313000,13,6,60
1766,150343000,14,7,51
1767,150413000,15,7,54
1768,150443000,12,6,54
1769,150513000,5,2,55
1770,150544000,5,2,56
1771,150615000,6,7,57
1772,150645000,4,2,57
1773,150716000,5,2,57
1774,150746000,8,4,56
1775,150817000,5,2,53
1776,150847000,12,6,53
1777,150918000,10,7,57
1778,150949000,6,3,58
1779,151020000,11,5,57
1780,151050000,10,5,57
1781,151120000,9,4,55
1782,151151000,10,5,57
1783,151221000,5,10,56
1784,151251000,8,4,57
1785,151353000,2,1,57
1786,151423000,14,7,57
1787,151453000,8,4,54
1788,151524000,8,4,53
1789,151554000,8,4,57
1790,151624000,10,5,55
1791,151654000,10,5,53
1792,151725000,10,5,53
1793,151755000,8,4,55
1794,151826000,11,5,55
1795,151857000,15,7,57
1796,151928000,4,2,60
1797,152029000,9,4,58
1798,152100000,6,4,58
1799,152130000,9,4,66
1800,152201000,7,5,64
1801,152231000,7,5,60
1802,152302000,14,8,60
1803,152333000,5,2,53
1804,152404000,15,7,54
1805,152434000,15,8,55
1806,152504000,13,7,57
1807,152535000,8,4,55
1808,152606000,8,5,57
1809,152636000,7,4,62
1810,152707000,4,2,61
1811,152737000,2,1,60
1812,152808000,13,6,62
1813,152839000,9,7,58
1814,152909000,6,3,58
1815,152940000,20,10,57
1816,153010000,9,4,57
1817,153041000,10,6,57
1818,153111000,9,4,59
1819,153142000,18,9,60
1820,153212000,6,3,58
1821,153242000,8,4,58
1822,153313000,8,4,58
1823,153343000,9,4,53
1824,153413000,11,5,55
1825,153444000,15,7,58
1826,153514000,14,7,61
1827,153545000,13,6,60
1828,153615000,2,1,60
1829,153646000,7,3,56
1830,153716000,12,6,58
1831,153746000,5,2,60
1832,153817000,10,6,60
1833,153847000,7,4,56
1834,153917000,10,5,52
1835,153948000,8,5,56
1836,154019000,9,4,57
1837,154049000,12,6,53
1838,154120000,7,3,56
1839,154151000,7,3,57
1840,154221000,9,4,57
1841,154251000,17,8,56
1842,154321000,10,6,57
1843,154352000,9,5,58
1844,154422000,18,10,57
1845,154452000,12,6,55
1846,154522000,7,3,53
1847,154553000,18,9,55
1848,154623000,8,4,59
1849,154654000,9,6,61
1850,154724000,3,1,60
1851,154755000,11,5,57
1852,154825000,7,3,53
1853,154855000,10,6,52
1854,154925000,7,3,57
1855,154925000,7,3,57
1856,155026000,13,6,60
1857,155056000,7,3,59
1858,155126000,7,3,60
1859,155156000,10,5,60
1860,155227000,6,3,60
1861,155258000,9,4,54
1862,155258000,9,4,54
1863,155329000,18,9,56
1864,155359000,19,10,57
1865,155429000,7,3,58
1866,155529000,14,7,51
1867,155600000,6,3,49
1868,155630000,3,1,48
1869,155700000,14,7,51
1870,155730000,9,5,53
1871,155801000,7,3,57
1872,155832000,11,6,55
1873,155902000,8,4,53
1874,155933000,15,7,57
1875,160004000,7,3,56
1876,160034000,5,2,55
1877,160105000,6,3,55
1878,160136000,2,1,55
1879,160207000,0,0,0
1880,160237000,14,7,55
1881,160308000,3,3,56
1882,160338000,17,8,56
1883,160409000,1,1,56
1884,160439000,6,5,58
1885,160509000,19,9,60
1886,160540000,5,2,61
1887,160611000,0,0,0
1888,160641000,4,2,60
1889,160712000,16,8,56
1890,160743000,9,4,55
1891,160813000,3,1,55
1892,160844000,11,5,55
1893,160914000,9,4,55
1894,160944000,14,7,58
1895,161014000,9,5,60
1896,161045000,5,2,58
1897,161115000,10,6,59
1898,161145000,9,4,58
1899,161216000,6,3,58
1900,161246000,7,3,57
1901,161316000,5,2,58
1902,161347000,7,12,57
1903,161417000,11,5,57
1904,161448000,13,6,58
1905,161518000,14,8,62
1906,161548000,9,5,57
1907,161618000,13,6,56
1908,161648000,10,6,57
1909,161719000,10,5,52
1910,161749000,8,4,49
1911,161819000,6,3,49
1912,161850000,7,3,53
1913,161920000,6,3,55
1914,161950000,13,8,62
1915,162021000,6,3,59
1916,162051000,12,6,59
1917,162121000,7,3,58
1918,162152000,11,5,60
1919,162222000,10,5,59
1920,162252000,7,3,59
1921,162323000,12,6,58
1922,162353000,8,4,57
1923,162423000,10,5,56
1924,162454000,1,1,56
1925,162525000,5,2,57
1926,162555000,13,6,57
1927,162625000,15,8,61
1928,162655000,7,3,60
1929,162725000,12,6,58
1930,162755000,8,4,57
1931,162826000,6,3,58
1932,162857000,11,6,61
1933,163028000,10,5,53
1934,163059000,7,4,55
1935,163130000,12,6,57
1936,163200000,12,6,53
1937,163230000,7,4,57
1938,163301000,15,7,54
1939,163331000,2,1,54
1940,163401000,10,5,60
1941,163431000,13,6,61
1942,163502000,7,3,57
1943,163532000,8,4,55
1944,163603000,10,5,55
1945,163634000,6,3,59
1946,163704000,12,6,58
1947,163814000,4,2,57
1948,163845000,4,2,57
1949,163915000,10,6,58
1950,163945000,12,6,57
1951,164016000,6,3,58
1952,164046000,11,5,57
1953,164116000,7,3,55
1954,164146000,17,9,55
1955,164217000,15,7,52
1956,164247000,8,4,52
1957,164318000,13,6,49
1958,164348000,6,3,51
1959,164419000,8,4,53
1960,164450000,15,7,51
1961,164521000,13,7,49
1962,164551000,8,4,53
1963,164621000,6,3,55
1964,164652000,16,8,60
1965,164722000,17,8,58
1966,164753000,12,6,56
1967,164823000,2,1,55
1968,164853000,14,7,54
1969,164923000,12,6,52
1970,164953000,11,5,57
1971,165024000,0,0,0
1972,165055000,13,6,55
1973,165126000,7,3,53
1974,165156000,5,2,54
1975,165156000,5,2,54
1976,165257000,8,4,62
1977,165327000,7,3,60
1978,165358000,14,7,60
1979,165459000,13,6,53
1980,165529000,7,3,53
1981,165600000,13,6,55
1982,165630000,6,4,53
1983,165700000,9,4,52
1984,165731000,9,4,52
1985,165801000,12,6,52
1986,165831000,5,2,53
1987,165902000,15,8,55
1988,165933000,8,4,64
1989,170003000,8,4,64
1990,170034000,4,2,58
1991,170104000,6,3,56
1992,170135000,5,2,56
1993,170205000,13,6,58
1994,170235000,9,6,57
1995,170306000,4,2,57
1996,170337000,16,9,57
1997,170407000,14,7,57
1998,170438000,12,6,55
1999,170508000,12,6,55
2000,170539000,9,4,54
2001,170610000,21,10,50
2002,170640000,10,5,54
2003,170711000,6,3,57
2004,170742000,11,5,57
2005,170812000,9,4,53
2006,170842000,10,5,53
2007,170912000,3,1,52
2008,170943000,8,4,54
2009,171013000,16,8,58
2010,171043000,12,6,60
2011,171114000,6,3,58
2012,171144000,6,3,57
2013,171214000,9,4,54
2014,171245000,17,8,52
2015,171315000,10,5,52
2016,171345000,16,8,55
2017,171415000,6,3,58
2018,171445000,11,5,60
2019,171516000,10,5,59
2020,171546000,9,4,59
2021,171617000,12,6,56
2022,171647000,11,5,57
2023,171718000,9,5,57
2024,171748000,8,4,54
2025,171819000,12,6,55
2026,171850000,5,3,54
2027,171920000,12,6,54
2028,171950000,7,3,56
2029,172021000,9,4,56
2030,172051000,9,4,55
2031,172121000,13,6,53
2032,172152000,16,8,55
2033,172222000,10,5,57
2034,172252000,4,2,55
2035,172323000,13,6,53
2036,172353000,6,3,54
2037,172424000,14,7,52
2038,172454000,10,5,55
2039,172524000,13,6,56
2040,172554000,14,7,57
2041,172624000,15,7,53
2042,172624000,15,7,53
2043,172725000,8,4,56
2044,172755000,9,4,57
2045,172825000,4,2,57
2046,172855000,10,5,55
2047,172926000,18,9,55
2048,172956000,5,3,57
2049,173057000,11,5,57
2050,173127000,4,2,57
2051,173157000,10,5,55
2052,173228000,4,2,56
2053,173228000,4,2,56
2054,173328000,9,4,52
2055,173429000,3,1,48
2056,173459000,9,4,52
2057,173530000,9,5,53
2058,173601000,4,3,53
2059,173632000,6,3,55
2060,173702000,12,6,56
2061,173733000,10,6,55
2062,173803000,14,7,60
2063,173833000,7,3,58
2064,173903000,9,4,52
2065,173934000,13,6,53
2066,174004000,7,4,57
2067,174035000,6,3,57
2068,174106000,9,4,58
2069,174137000,4,2,58
2070,174207000,3,2,59
2071,174237000,15,8,64
2072,174308000,8,4,60
2073,174338000,5,2,60
2074,174408000,8,7,59
2075,174439000,18,9,58
2076,174509000,9,4,54
2077,174539000,13,6,52
2078,174610000,11,5,57
2079,174640000,8,4,57
2080,174710000,8,4,59
2081,174740000,9,4,57
2082,174811000,11,5,52
2083,174841000,1,1,52
2084,174911000,5,2,54
2085,174942000,10,5,57
2086,175012000,10,5,58
2087,175043000,7,3,58
2088,175113000,1,1,57
2089,175144000,3,1,57
2090,175214000,14,8,61
2091,175244000,2,1,61
2092,175315000,6,3,60
2093,175345000,5,2,57
2094,175416000,14,7,54
2095,175447000,2,1,53
2096,175517000,9,4,50
2097,175548000,10,5,57
2098,175618000,5,3,58
2099,175648000,5,2,61
2100,175719000,5,2,62
2101,175749000,11,5,60
2102,175820000,5,2,58
2103,175851000,5,2,57
2104,175922000,7,3,55
2105,175952000,10,5,53
2106,180022000,17,8,57
2107,180053000,3,1,57
2108,180123000,4,2,57
2109,180154000,15,7,55
2110,180224000,14,7,53
2111,180254000,14,7,59
2112,180324000,7,3,59
2113,180355000,4,2,58
2114,180425000,3,1,58
2115,180455000,10,5,56
2116,180526000,12,6,55
2117,180627000,7,3,52
2118,180658000,11,5,53
2119,180658000,11,5,53
2120,180728000,13,6,56
2121,180759000,6,3,55
2122,180830000,10,5,57
2123,180900000,7,3,57
2124,180930000,9,4,60
2125,181000000,10,5,61
2126,181031000,4,2,59
2127,181102000,8,4,54
2128,181132000,19,9,55
2129,181202000,5,3,56
2130,181233000,6,3,58
2131,181303000,20,10,60
2132,181334000,13,6,62
2133,181404000,7,3,58
2134,181435000,2,1,59
2135,181505000,14,7,58
2136,181536000,9,4,56
2137,181606000,6,3,55
2138,181637000,6,3,55
2139,181707000,18,9,56
2140,181737000,6,3,54
2141,181808000,8,4,54
2142,181839000,7,4,55
2143,181909000,14,7,60
2144,181940000,10,5,62
2145,182010000,9,4,62
2146,182041000,14,7,58
2147,182111000,9,4,57
2148,182142000,3,3,57
2149,182213000,9,4,58
2150,182243000,12,6,57
2151,182314000,8,4,55
2152,182345000,7,3,55
2153,182415000,7,3,57
2154,182445000,13,6,60
2155,182515000,4,2,62
2156,182545000,10,5,53
2157,182616000,5,2,52
2158,182646000,11,5,57
2159,182717000,11,5,58
2160,182747000,8,5,60
2161,182818000,4,2,60
2162,182848000,5,3,57
2163,182918000,11,5,55
2164,182948000,3,1,55
2165,183019000,6,3,54
2166,183049000,15,7,52
2167,183119000,7,3,50
2168,183149000,4,2,49
2169,183220000,5,2,52
2170,183250000,9,4,52
2171,183321000,8,4,56
2172,183351000,0,0,0
2173,183421000,12,6,57
2174,183451000,6,3,57
2175,183521000,4,2,58
2176,183552000,11,5,60
2177,183623000,8,4,52
2178,183653000,4,2,52
2179,183723000,6,4,52
2180,183723000,6,4,52
2181,183824000,8,4,55
2182,183854000,9,5,59
2183,183924000,4,2,61
2184,183954000,4,2,62
2185,184025000,12,6,62
2186,184055000,8,4,62
2187,184125000,8,4,59
2188,184156000,3,1,58
2189,184226000,13,6,58
2190,184256000,1,1,58
2191,184327000,10,5,59
2192,184357000,7,3,59
2193,184357000,7,3,59
2194,184457000,3,2,58
2195,184527000,5,2,58
2196,184558000,8,4,63
2197,184629000,5,2,62
2198,184659000,7,3,61
2199,184729000,6,3,58
2200,184759000,6,3,57
2201,184830000,6,3,56
2202,184900000,4,2,60
2203,184930000,9,4,65
2204,185001000,8,4,63
2205,185031000,7,3,61
2206,185101000,9,4,58
2207,185132000,3,1,58
2208,185202000,5,2,58
2209,185232000,7,3,57
2210,185302000,2,1,59
2211,185333000,1,1,58
2212,185403000,8,4,57
2213,185434000,6,3,57
2214,185504000,6,3,57
2215,185534000,5,2,57
2216,185605000,9,4,56
2217,185636000,10,5,54
2218,185706000,3,1,53
2219,185737000,17,8,57
2220,185808000,5,2,58
2221,185839000,4,2,60
2222,185909000,9,4,62
2223,185939000,1,1,62
2224,190010000,8,4,60
2225,190040000,10,5,59
2226,190111000,8,5,62
2227,190141000,1,1,61
2228,190211000,7,3,57
2229,190242000,5,2,57
2230,190312000,10,5,57
2231,190342000,15,10,61
2232,190413000,5,3,57
2233,190443000,1,1,57
2234,190514000,5,2,56
2235,190544000,7,3,57
2236,190615000,7,3,56
2237,190645000,4,3,55
2238,190716000,7,3,52
2239,190746000,6,3,53
2240,190816000,7,3,57
2241,190846000,2,1,57
2242,190917000,5,2,54
2243,190947000,6,3,53
2244,191017000,4,2,55
2245,191048000,7,3,57
2246,191118000,5,2,57
2247,191148000,5,2,56
2248,191218000,5,2,52
2249,191248000,4,2,52
2250,191319000,2,1,53
2251,191349000,3,1,54
2252,191419000,8,4,58
2253,191450000,6,3,57
2254,191520000,8,4,55
2255,191551000,8,4,57
2256,191622000,3,1,57
2257,191652000,6,3,58
2258,191722000,5,2,58
2259,191752000,5,2,57
2260,191823000,5,2,56
2261,191853000,9,4,57
2262,191924000,5,2,58
2263,191954000,3,1,58
2264,192025000,9,5,57
2265,192025000,9,5,57
2266,192126000,2,1,57
2267,192258000,3,1,54
2268,192329000,1,1,54
2269,192400000,4,2,55
2270,192430000,4,2,57
2271,192500000,4,2,57
2272,192531000,2,1,57
2273,192602000,6,3,58
2274,192632000,3,1,58
2275,192702000,3,1,58
2276,192733000,7,4,58
2277,192804000,10,5,59
2278,192835000,5,2,60
2279,192905000,4,2,59
2280,192935000,7,3,56
2281,193005000,4,2,55
2282,193036000,3,1,57
2283,193106000,3,2,58
2284,193137000,8,5,62
2285,193207000,8,4,58
2286,193238000,5,2,59
2287,193308000,3,1,60
2288,193338000,6,3,58
2289,193409000,2,1,59
2290,193439000,5,2,58
2291,193510000,7,5,58
2292,193540000,0,0,0
2293,193610000,2,1,58
2294,193641000,5,2,59
2295,193712000,7,4,62
2296,193742000,2,1,62
2297,193812000,1,1,62
2298,193842000,7,3,61
2299,193912000,3,1,60
2300,193943000,8,4,59
2301,194013000,1,1,58
2302,194044000,2,1,57
2303,194114000,6,3,57
2304,194145000,3,1,57
2305,194215000,5,2,57
2306,194246000,5,2,57
2307,194316000,3,1,57
2308,194347000,3,1,57
2309,194417000,0,0,0
2310,194448000,1,1,57
2311,194518000,2,1,57
2312,194548000,2,1,55
2313,194619000,5,2,53
2314,194650000,9,4,56
2315,194720000,5,2,57
2316,194750000,3,1,57
2317,194821000,3,1,56
2318,194851000,6,3,55
2319,194921000,3,1,55
2320,194951000,2,1,55
2321,195022000,3,1,55
2322,195052000,2,1,55
2323,195122000,3,1,55
2324,195152000,2,1,56
2325,195222000,3,1,57
2326,195253000,1,1,57
2327,195323000,4,2,58
2328,195353000,9,4,57
2329,195423000,4,3,57
2330,195454000,5,2,57
2331,195524000,3,1,57
2332,195555000,8,4,57
2333,195625000,3,1,57
2334,195655000,10,5,58
2335,195725000,2,1,57
2336,195755000,4,2,58
2337,195826000,5,2,57
2338,195856000,2,1,57
2339,195927000,0,0,0
2340,195957000,6,3,55
2341,200028000,5,2,53
2342,200058000,3,1,53
2343,200129000,2,1,54
2344,200159000,4,2,55
2345,200229000,7,3,54
2346,200259000,2,1,54
2347,200329000,9,4,55
2348,200400000,2,1,55
2349,200431000,9,4,57
2350,200501000,2,1,57
2351,200532000,3,1,58
2352,200602000,5,2,60
2353,200633000,2,1,60
2354,200703000,6,3,58
2355,200734000,7,3,57
2356,200804000,4,2,58
2357,200834000,2,1,58
2358,200905000,3,1,58
2359,200935000,5,4,57
2360,201006000,8,4,57
2361,201036000,3,1,57
2362,201107000,10,5,59
2363,201137000,3,1,58
2364,201208000,1,1,58
2365,201238000,10,6,60
2366,201308000,0,0,0
2367,201338000,7,3,58
2368,201408000,5,4,58
2369,201439000,2,2,58
2370,201510000,0,0,0
2371,201541000,0,0,0
2372,201611000,0,0,0
2373,201641000,2,1,57
2374,201711000,6,3,57
2375,201741000,2,1,57
2376,201812000,5,2,54
2377,201843000,6,3,54
2378,201913000,3,1,54
2379,201944000,3,1,54
2380,202014000,4,2,53
2381,202045000,4,2,53
2382,202115000,4,2,52
2383,202146000,6,3,50
2384,202216000,3,1,49
2385,202246000,3,2,48
2386,202317000,2,1,48
2387,202347000,2,2,48
2388,202417000,7,4,48
2389,202448000,0,0,0
2390,202518000,2,1,48
2391,202548000,5,2,53
2392,202618000,1,1,53
2393,202649000,2,1,53
2394,202719000,2,1,53
2395,202749000,2,1,53
2396,202820000,3,1,55
2397,202850000,1,1,55
2398,202921000,4,2,57
2399,202951000,2,1,57
2400,203022000,3,1,59
2401,203052000,2,1,60
2402,203123000,1,1,60
2403,203223000,5,3,59
2404,203253000,4,2,58
2405,203324000,2,1,59
2406,203354000,3,1,60
2407,203425000,2,1,60
2408,203455000,4,2,60
2409,203526000,2,1,60
2410,203658000,2,1,60
2411,203728000,4,2,59
2412,203759000,5,2,58
2413,203829000,8,4,57
2414,203929000,2,1,57
2415,204000000,2,1,58
2416,204030000,3,2,57
2417,204100000,1,1,57
2418,204130000,2,1,57
2419,204201000,1,1,57
2420,204231000,5,3,59
2421,204302000,3,1,59
2422,204332000,1,1,59
2423,204402000,0,0,0
2424,204432000,2,1,58
2425,204503000,2,1,58
2426,204533000,7,3,57
2427,204603000,7,3,57
2428,204634000,3,1,56
2429,204704000,4,2,55
2430,204734000,2,1,55
2431,204805000,5,2,54
2432,204835000,2,1,54
2433,204906000,0,0,0
2434,204936000,2,1,55
2435,205007000,2,1,55
2436,205037000,7,3,55
2437,205108000,5,2,55
2438,205138000,6,3,56
2439,205209000,3,2,56
2440,205239000,2,1,57
2441,205309000,1,1,57
2442,205340000,3,1,57
2443,205410000,1,1,57
2444,205441000,1,1,57
2445,205511000,1,1,57
2446,205541000,0,0,0
2447,205611000,1,1,57
2448,205642000,1,1,57
2449,205712000,0,0,0
2450,205742000,2,1,57
2451,205812000,4,2,57
2452,205843000,4,2,57
2453,205914000,3,1,57
2454,205945000,1,1,57
2455,210016000,2,1,57
2456,210046000,5,2,57
2457,210117000,2,1,57
2458,210148000,2,1,57
2459,210218000,1,1,57
2460,210248000,1,1,57
2461,210319000,2,1,56
2462,210349000,0,0,0
2463,210419000,2,1,56
2464,210449000,3,1,56
2465,210520000,7,4,57
2466,210551000,7,3,57
2467,210621000,0,0,0
2468,210652000,3,1,57
2469,210722000,4,2,57
2470,210752000,2,1,56
2471,210822000,1,1,56
2472,210853000,1,1,55
2473,210923000,3,1,55
2474,210953000,3,1,54
2475,211024000,8,4,56
2476,211054000,4,2,55
2477,211125000,2,2,55
2478,211155000,1,1,55
2479,211226000,2,1,54
2480,211256000,2,1,53
2481,211326000,1,1,52
2482,211357000,2,1,52
2483,211427000,4,2,50
2484,211427000,4,2,50
2485,211528000,2,1,50
2486,211559000,1,1,50
2487,211630000,2,1,50
2488,211700000,6,3,52
2489,211731000,2,1,52
2490,211802000,3,1,52
2491,211832000,2,1,52
2492,211902000,2,1,52
2493,211933000,6,3,52
2494,212003000,1,1,53
2495,212033000,3,1,53
2496,212104000,1,1,53
2497,212135000,1,1,52
2498,212206000,3,1,51
2499,212236000,3,3,50
2500,212307000,0,0,0
2501,212338000,5,3,50
2502,212408000,4,2,50
2503,212438000,4,2,49
2504,212509000,1,1,48
2505,212539000,0,0,0
2506,212609000,0,0,0
2507,212639000,4,2,50
2508,212709000,3,1,52
2509,212740000,4,3,54
2510,212810000,4,2,52
2511,212841000,5,2,51
2512,212911000,5,2,51
2513,212942000,1,1,50
2514,213012000,4,2,49
2515,213042000,2,1,49
2516,213113000,0,0,0
2517,213144000,2,1,49
2518,213214000,3,1,51
2519,213245000,3,1,52
2520,213315000,2,1,53
2521,213345000,2,1,53
2522,213416000,5,2,56
2523,213446000,1,1,56
2524,213516000,3,1,57
2525,213547000,2,1,57
2526,213617000,1,1,57
2527,213647000,3,1,57
2528,213717000,3,1,57
2529,213747000,1,1,56
2530,213817000,2,1,55
2531,213847000,2,1,54
2532,213918000,4,2,54
2533,213948000,1,1,53
2534,214018000,3,1,54
2535,214048000,0,0,0
2536,214118000,0,0,0
2537,214149000,2,1,55
2538,214219000,4,2,57
2539,214250000,1,1,57
2540,214320000,2,1,57
2541,214350000,0,0,0
2542,214420000,4,2,58
2543,214451000,1,1,57
2544,214521000,0,0,0
2545,214552000,5,2,55
2546,214622000,2,1,55
2547,214653000,3,1,53
2548,214723000,1,1,53
2549,214753000,1,1,53
2550,214824000,3,1,53
2551,214854000,2,1,53
2552,214854000,2,1,53
2553,214955000,3,1,52
2554,215025000,2,1,52
2555,215056000,0,0,0
2556,215126000,2,1,52
2557,215157000,0,0,0
2558,215227000,6,3,52
2559,215257000,0,0,0
2560,215327000,1,1,52
2561,215357000,1,1,52
2562,215428000,2,1,53
2563,215428000,2,1,53
2564,215458000,0,0,0
2565,215559000,2,1,53
2566,215629000,2,1,54
2567,215700000,6,3,57
2568,215730000,1,1,57
2569,215800000,0,0,0
2570,215830000,1,1,57
2571,215901000,3,1,57
2572,215932000,2,2,57
2573,220002000,3,1,59
2574,220033000,0,0,0
2575,220103000,2,1,60
2576,220133000,3,1,61
2577,220203000,0,0,0
2578,220234000,0,0,0
2579,220304000,1,1,60
2580,220335000,2,1,60
2581,220406000,0,0,0
2582,220436000,3,1,60
2583,220506000,1,1,60
2584,220537000,3,1,60
2585,220607000,2,1,59
2586,220637000,2,1,58
2587,220707000,1,1,58
2588,220738000,1,1,57
2589,220809000,1,1,57
2590,220839000,6,4,57
2591,220909000,1,1,57
2592,220940000,0,0,0
2593,221010000,4,2,57
2594,221040000,1,1,57
2595,221110000,4,2,57
2596,221140000,1,1,57
2597,221211000,3,1,57
2598,221242000,1,1,57
2599,221312000,1,1,57
2600,221342000,1,1,57
2601,221412000,3,1,57
2602,221442000,3,1,57
2603,221512000,0,0,0
2604,221543000,3,1,57
2605,221613000,0,0,0
2606,221644000,0,0,0
2607,221715000,4,2,57
2608,221745000,2,1,57
2609,221816000,3,1,57
2610,221846000,6,3,58
2611,221916000,2,1,57
2612,221947000,0,0,0
2613,222017000,2,1,57
2614,222048000,2,1,55
2615,222119000,1,1,54
2616,222149000,2,2,53
2617,222219000,4,2,53
2618,222249000,3,1,53
2619,222320000,3,1,53
2620,222350000,1,1,53
2621,222421000,0,0,0
2622,222451000,0,0,0
2623,222521000,5,2,54
2624,222552000,2,1,54
2625,222622000,1,1,54
2626,222653000,0,0,0
2627,222723000,3,1,54
2628,222754000,1,1,54
2629,222825000,2,1,53
2630,222855000,0,0,0
2631,222926000,2,1,53
2632,222956000,0,0,0
2633,223026000,6,3,52
2634,223056000,5,2,53
2635,223127000,0,0,0
2636,223157000,2,1,54
2637,223157000,2,1,54
2638,223228000,0,0,0
2639,223329000,1,1,54
2640,223359000,0,0,0
2641,223429000,1,1,54
2642,223459000,0,0,0
2643,223530000,1,1,55
2644,223600000,2,1,55
2645,223631000,3,1,56
2646,223701000,1,1,56
2647,223732000,2,1,57
2648,223802000,0,0,0
2649,223833000,0,0,0
2650,223903000,0,0,0
2651,223934000,1,1,57
2652,224004000,0,0,0
2653,224034000,0,0,0
2654,224104000,1,1,56
2655,224135000,3,1,55
2656,224205000,1,1,55
2657,224235000,2,1,55
2658,224306000,1,1,55
2659,224337000,0,0,0
2660,224407000,3,1,56
2661,224438000,0,0,0
2662,224508000,3,1,56
2663,224539000,2,1,56
2664,224610000,0,0,0
2665,224640000,4,2,54
2666,224711000,4,2,53
2667,224742000,2,1,54
2668,224812000,1,1,54
2669,224842000,1,1,53
2670,224912000,0,0,0
2671,224943000,2,1,53
2672,225013000,2,1,53
2673,225044000,2,1,53
2674,225114000,3,1,53
2675,225144000,0,0,0
2676,225214000,3,1,53
2677,225245000,3,2,54
2678,225315000,0,0,0
2679,225345000,2,1,54
2680,225416000,2,1,54
2681,225446000,1,1,54
2682,225517000,0,0,0
2683,225547000,2,1,55
2684,225617000,0,0,0
2685,225648000,3,1,55
2686,225718000,0,0,0
2687,225749000,2,1,55
2688,225819000,0,0,0
2689,225850000,1,1,55
2690,225921000,1,1,55
2691,225952000,1,1,55
2692,230053000,0,0,0
2693,230123000,1,1,53
2694,230153000,1,1,53
2695,230223000,2,1,53
2696,230253000,1,1,53
2697,230324000,0,0,0
2698,230354000,0,0,0
2699,230425000,0,0,0
2700,230455000,0,0,0
2701,230526000,2,1,52
2702,230556000,0,0,0
2703,230626000,1,1,52
2704,230727000,1,1,52
2705,230757000,0,0,0
2706,230828000,0,0,0
2707,230859000,3,2,53
2708,230929000,0,0,0
2709,231029000,3,1,55
2710,231059000,2,1,56
2711,231130000,1,1,56
2712,231200000,2,1,57
2713,231231000,0,0,0
2714,231301000,0,0,0
2715,231332000,0,0,0
2716,231403000,2,1,57
2717,231433000,5,7,56
2718,231504000,1,1,55
2719,231534000,0,0,0
2720,231604000,1,1,55
2721,231634000,0,0,0
2722,231705000,0,0,0
2723,231735000,2,1,55
2724,231805000,1,1,55
2725,231835000,1,1,55
2726,231906000,3,1,55
2727,231937000,1,1,55
2728,232008000,1,1,56
2729,232038000,1,1,57
2730,232109000,0,0,0
2731,232139000,2,1,57
2732,232210000,1,1,57
2733,232240000,2,1,57
2734,232310000,0,0,0
2735,232341000,0,0,0
2736,232411000,0,0,0
2737,232442000,0,0,0
2738,232512000,1,1,56
2739,232543000,1,1,55
2740,232613000,0,0,0
2741,232644000,1,1,55
2742,232715000,1,1,55
2743,232745000,2,1,54
2744,232815000,2,1,53
2745,232845000,0,0,0
2746,232916000,2,1,53
2747,232946000,0,0,0
2748,233017000,1,1,52
2749,233047000,0,0,0
2750,233117000,1,1,52
2751,233147000,1,1,52
2752,233217000,1,1,52
2753,233247000,0,0,0
2754,233318000,1,1,52
2755,233348000,1,1,52
2756,233419000,3,1,52
2757,233449000,1,1,52
2758,233520000,0,0,0
2759,233550000,1,1,52
2760,233620000,2,1,52
2761,233650000,0,0,0
2762,233721000,1,1,52
2763,233751000,2,1,52
2764,233821000,1,1,52
2765,233851000,1,1,52
2766,233921000,2,1,52
2767,233952000,0,0,0
2768,234022000,0,0,0
2769,234052000,1,1,52
2770,234123000,1,1,52
2771,234153000,0,0,0
2772,234224000,0,0,0
2773,234254000,0,0,0
2774,234324000,0,0,0
2775,234355000,1,1,52
2776,234425000,2,1,52
2777,234455000,0,0,0
2778,234526000,1,1,52
